-- MySQL dump 10.13  Distrib 5.6.25, for Win64 (x86_64)
--
-- Host: localhost    Database: mydb
-- ------------------------------------------------------
-- Server version	5.6.25-log

/*!40101 SET @OLD_CHARACTER_SET_CLIENT=@@CHARACTER_SET_CLIENT */;
/*!40101 SET @OLD_CHARACTER_SET_RESULTS=@@CHARACTER_SET_RESULTS */;
/*!40101 SET @OLD_COLLATION_CONNECTION=@@COLLATION_CONNECTION */;
/*!40101 SET NAMES utf8 */;
/*!40103 SET @OLD_TIME_ZONE=@@TIME_ZONE */;
/*!40103 SET TIME_ZONE='+00:00' */;
/*!40014 SET @OLD_UNIQUE_CHECKS=@@UNIQUE_CHECKS, UNIQUE_CHECKS=0 */;
/*!40014 SET @OLD_FOREIGN_KEY_CHECKS=@@FOREIGN_KEY_CHECKS, FOREIGN_KEY_CHECKS=0 */;
/*!40101 SET @OLD_SQL_MODE=@@SQL_MODE, SQL_MODE='NO_AUTO_VALUE_ON_ZERO' */;
/*!40111 SET @OLD_SQL_NOTES=@@SQL_NOTES, SQL_NOTES=0 */;

--
-- Table structure for table `articles`
--

DROP TABLE IF EXISTS `articles`;
/*!40101 SET @saved_cs_client     = @@character_set_client */;
/*!40101 SET character_set_client = utf8 */;
CREATE TABLE `articles` (
  `id` int(11) NOT NULL AUTO_INCREMENT,
  `title` varchar(255) DEFAULT NULL,
  `url` varchar(255) DEFAULT NULL,
  `text` varchar(255) DEFAULT NULL,
  `createdAt` datetime NOT NULL,
  `updatedAt` datetime NOT NULL,
  PRIMARY KEY (`id`)
) ENGINE=InnoDB DEFAULT CHARSET=utf8;
/*!40101 SET character_set_client = @saved_cs_client */;

--
-- Dumping data for table `articles`
--

LOCK TABLES `articles` WRITE;
/*!40000 ALTER TABLE `articles` DISABLE KEYS */;
/*!40000 ALTER TABLE `articles` ENABLE KEYS */;
UNLOCK TABLES;

--
-- Table structure for table `centrosmedicos`
--

DROP TABLE IF EXISTS `centrosmedicos`;
/*!40101 SET @saved_cs_client     = @@character_set_client */;
/*!40101 SET character_set_client = utf8 */;
CREATE TABLE `centrosmedicos` (
  `idCentrosMedicos` int(11) NOT NULL AUTO_INCREMENT,
  `nombre` varchar(45) DEFAULT NULL,
  `ciudad` int(11) unsigned NOT NULL DEFAULT '0',
  `Direccion` varchar(100) DEFAULT NULL,
  `esPublico` tinyint(1) DEFAULT NULL,
  PRIMARY KEY (`idCentrosMedicos`),
  KEY `cit_idx` (`ciudad`)
) ENGINE=InnoDB AUTO_INCREMENT=11 DEFAULT CHARSET=utf8;
/*!40101 SET character_set_client = @saved_cs_client */;

--
-- Dumping data for table `centrosmedicos`
--

LOCK TABLES `centrosmedicos` WRITE;
/*!40000 ALTER TABLE `centrosmedicos` DISABLE KEYS */;
INSERT INTO `centrosmedicos` VALUES (1,'ACHS ACONCAGUA - SEDE CABILDO',48,'Humeres 371',0),(2,'ACHS ACONCAGUA - SEDE LA LIGUA',59,'Portales 746',0),(3,'ACHS ACONCAGUA - SEDE LOS ANDES',66,'Av. Argentina 50',0),(4,'ACHS ACONCAGUA - SEDE SAN FELIPE',60,'San Martin 120',0),(5,'ACHS SAN ANTONIO - SEDE SAN ANTONIO',42,'Barros Luco 1575',0),(6,'ACHS VALPARAISO - SEDE VALPARAISO',34,'Edwards 150',0),(7,'ACHS VI├æA DEL MAR - SEDE LA CALERA',50,'Avenida Latorre 98',0),(8,'ACHS VI├æA DEL MAR - SEDE VI├æA DEL MAR',37,'7 Norte 550',0),(9,'ASOMEL ASOCIACION DE MEDICOS LTDA',34,'Colon 2020',0),(10,'ASOMEL DE RE├æACA',37,'Angamos 185 Of. 21',0);
/*!40000 ALTER TABLE `centrosmedicos` ENABLE KEYS */;
UNLOCK TABLES;

--
-- Table structure for table `comunas`
--

DROP TABLE IF EXISTS `comunas`;
/*!40101 SET @saved_cs_client     = @@character_set_client */;
/*!40101 SET character_set_client = utf8 */;
CREATE TABLE `comunas` (
  `codigoInterno` int(11) unsigned NOT NULL DEFAULT '0',
  `nombre` varchar(255) DEFAULT NULL,
  `region_idregion` int(11) unsigned NOT NULL DEFAULT '0',
  PRIMARY KEY (`codigoInterno`),
  KEY `comunas_ibfk_1` (`region_idregion`)
) ENGINE=MyISAM DEFAULT CHARSET=latin1;
/*!40101 SET character_set_client = @saved_cs_client */;

--
-- Dumping data for table `comunas`
--

LOCK TABLES `comunas` WRITE;
/*!40000 ALTER TABLE `comunas` DISABLE KEYS */;
INSERT INTO `comunas` VALUES (346,'ALTO HOSPICIO',1),(296,'CAMINA',1),(297,'COLCHANE',1),(3,'HUARA',1),(2,'IQUIQUE',1),(4,'PICA',1),(5,'POZO ALMONTE',1),(7,'ANTOFAGASTA',2),(10,'CALAMA',2),(298,'MARIA ELENA',2),(8,'MEJILLONES',2),(300,'OLLAG?â?ôE',2),(301,'SAN PEDRO DE ATACAMA',2),(299,'SIERRA GORDA',2),(9,'TALTAL',2),(6,'TOCOPILLA',2),(302,'ALTO DEL CARMEN',3),(14,'CALDERA',3),(11,'CHA?âÔÇÿARAL',3),(13,'COPIAPO',3),(12,'DIEGO DE ALMAGRO',3),(17,'FREIRINA',3),(18,'HUASCO',3),(15,'TIERRA AMARILLA',3),(16,'VALLENAR',3),(22,'ANDACOLLO',4),(31,'CANELA',4),(29,'COMBARBALA',4),(21,'COQUIMBO',4),(30,'ILLAPEL',4),(20,'LA HIGUERA',4),(19,'LA SERENA',4),(33,'LOS VILOS',4),(26,'MONTE PATRIA',4),(25,'OVALLE',4),(24,'PAIHUANO',4),(27,'PUNITAQUI',4),(28,'RIO HURTADO',4),(32,'SALAMANCA',4),(23,'VICU?âÔÇÿA',4),(44,'ALGARROBO',5),(56,'CABILDO',5),(67,'CALLE LARGA',5),(46,'CARTAGENA',5),(40,'CASABLANCA',5),(63,'CATEMU',5),(340,'CONCON',5),(45,'EL QUISCO',5),(47,'EL TABO',5),(51,'HIJUELAS',5),(41,'ISLA DE PASCUA',5),(321,'JUAN FERNANDEZ',5),(50,'LA CALERA',5),(49,'LA CRUZ',5),(59,'LA LIGUA',5),(53,'LIMACHE',5),(65,'LLAY LLAY',5),(66,'LOS ANDES',5),(52,'NOGALES',5),(54,'OLMUE',5),(62,'PANQUEHUE',5),(57,'PAPUDO',5),(55,'PETORCA',5),(36,'PUCHUNCAVI',5),(61,'PUTAENDO',5),(48,'QUILLOTA',5),(38,'QUILPUE',5),(35,'QUINTERO',5),(68,'RINCONADA',5),(42,'SAN ANTONIO',5),(69,'SAN ESTEBAN',5),(60,'SAN FELIPE',5),(64,'SANTA MARIA',5),(43,'SANTO DOMINGO',5),(34,'VALPARAISO',5),(39,'VILLA ALEMANA',5),(37,'VI?âÔÇÿA DEL MAR',5),(58,'ZAPALLAR',5),(132,'CHEPICA',6),(125,'CHIMBARONGO',6),(110,'CODEGUA',6),(114,'COINCO',6),(113,'COLTAUCO',6),(112,'DO?âÔÇÿIHUE',6),(107,'GRANEROS',6),(139,'LA ESTRELLA',6),(116,'LAS CABRAS',6),(136,'LITUECHE',6),(129,'LOLOL',6),(106,'MACHALI',6),(122,'MALLOA',6),(134,'MARCHIGUE',6),(126,'NANCAGUA',6),(138,'NAVIDAD',6),(120,'OLIVAR',6),(130,'PALMILLA',6),(133,'PAREDONES',6),(131,'PERALILLO',6),(115,'PEUMO',6),(118,'PICHIDEGUA',6),(137,'PICHILEMU',6),(127,'PLACILLA',6),(135,'PUMANQUE',6),(123,'QUINTA DE TILCOCO',6),(105,'RANCAGUA',6),(121,'RENGO',6),(119,'REQUINOA',6),(124,'SAN FERNANDO',6),(111,'SAN FRANCISCO DE MOSTAZAL',6),(117,'SAN VICENTE',6),(128,'SANTA CRUZ',6),(166,'CAUQUENES',7),(167,'CHANCO',7),(161,'COLBUN',7),(157,'CONSTITUCION',7),(155,'CUREPTO',7),(140,'CURICO',7),(158,'EMPEDRADO',7),(144,'HUALA?âÔÇÿE',7),(145,'LICANTEN',7),(159,'LINARES',7),(162,'LONGAVI',7),(154,'MAULE',7),(147,'MOLINA',7),(164,'PARRAL',7),(152,'PELARCO',7),(320,'PELLUHUE',7),(153,'PENCAHUE',7),(143,'RAUCO',7),(165,'RETIRO',7),(149,'RIO CLARO',7),(141,'ROMERAL',7),(148,'SAGRADA FAMILIA',7),(151,'SAN CLEMENTE',7),(156,'SAN JAVIER',7),(341,'SAN RAFAEL',7),(150,'TALCA',7),(142,'TENO',7),(146,'VICHUQUEN',7),(163,'VILLA ALEGRE',7),(160,'YERBAS BUENAS',7),(303,'ANTUCO',8),(198,'ARAUCO',8),(180,'BULNES',8),(208,'CABRERO',8),(201,'CA?âÔÇÿETE',8),(344,'CHIGUAYANTE',8),(168,'CHILLAN',8),(342,'CHILLAN VIEJO',8),(175,'COBQUECURA',8),(186,'COELEMU',8),(170,'COIHUECO',8),(188,'CONCEPCION',8),(202,'CONTULMO',8),(194,'CORONEL',8),(197,'CURANILAHUE',8),(185,'EL CARMEN',8),(193,'FLORIDA',8),(192,'HUALQUI',8),(210,'LAJA',8),(199,'LEBU',8),(200,'LOS ALAMOS',8),(204,'LOS ANGELES',8),(195,'LOTA',8),(214,'MULCHEN',8),(212,'NACIMIENTO',8),(213,'NEGRETE',8),(174,'NINHUE',8),(184,'PEMUCO',8),(191,'PENCO',8),(169,'PINTO',8),(171,'PORTEZUELO',8),(215,'QUILACO',8),(206,'QUILLECO',8),(182,'QUILLON',8),(172,'QUIRIHUE',8),(187,'RANQUIL',8),(176,'SAN CARLOS',8),(178,'SAN FABIAN',8),(177,'SAN GREGORIO DE ?âÔÇÿIQUEN',8),(181,'SAN IGNACIO',8),(179,'SAN NICOLAS',8),(343,'SAN PEDRO DE LA PAZ',8),(211,'SAN ROSENDO',8),(205,'SANTA BARBARA',8),(196,'SANTA JUANA',8),(189,'TALCAHUANO',8),(203,'TIRUA',8),(190,'TOME',8),(173,'TREHUACO',8),(209,'TUCAPEL',8),(207,'YUMBEL',8),(183,'YUNGAY',8),(216,'ANGOL',9),(235,'CARAHUE',9),(220,'COLLIPULLI',9),(230,'CUNCO',9),(225,'CURACAUTIN',9),(305,'CURARREHUE',9),(221,'ERCILLA',9),(229,'FREIRE',9),(232,'GALVARINO',9),(238,'GORBEA',9),(231,'LAUTARO',9),(240,'LONCOCHE',9),(226,'LONQUIMAY',9),(218,'LOS SAUCES',9),(223,'LUMACO',9),(304,'MELIPEUCO',9),(234,'NUEVA IMPERIAL',9),(345,'PADRE LAS CASAS',9),(233,'PERQUENCO',9),(237,'PITRUFQUEN',9),(242,'PUCON',9),(236,'PUERTO SAAVEDRA',9),(217,'PUREN',9),(219,'RENAICO',9),(227,'TEMUCO',9),(306,'TEODORO SCHMIDT',9),(239,'TOLTEN',9),(222,'TRAIGUEN',9),(224,'VICTORIA',9),(228,'VILCUN',9),(241,'VILLARRICA',9),(277,'ANCUD',10),(265,'CALBUCO',10),(270,'CASTRO',10),(280,'CHAITEN',10),(271,'CHONCHI',10),(262,'COCHAMO',10),(276,'CURACO DE VELEZ',10),(279,'DALCAHUE',10),(268,'FRESIA',10),(269,'FRUTILLAR',10),(281,'FUTALEUFU',10),(308,'HUALAIHUE',10),(267,'LLANQUIHUE',10),(264,'LOS MUERMOS',10),(263,'MAULLIN',10),(255,'OSORNO',10),(282,'PALENA',10),(261,'PUERTO MONTT',10),(258,'PUERTO OCTAY',10),(266,'PUERTO VARAS',10),(274,'PUQUELDON',10),(260,'PURRANQUE',10),(256,'PUYEHUE',10),(272,'QUEILEN',10),(273,'QUELLON',10),(278,'QUEMCHI',10),(275,'QUINCHAO',10),(259,'RIO NEGRO',10),(307,'SAN JUAN DE LA COSTA',10),(257,'SAN PABLO',10),(285,'AYSEN',11),(287,'CHILE CHICO',11),(286,'CISNES',11),(289,'COCHRANE',11),(284,'COYHAIQUE',11),(309,'GUAITECAS',11),(312,'LAGO VERDE',11),(310,'O?é??HIGGINS',11),(288,'RIO IBA?âÔÇÿEZ',11),(311,'TORTEL',11),(316,'LAGUNA BLANCA',12),(319,'NAVARINO',12),(292,'PORVENIR',12),(317,'PRIMAVERA',12),(291,'PUERTO NATALES',12),(290,'PUNTA ARENAS',12),(314,'RIO VERDE',12),(315,'SAN GREGORIO',12),(318,'TIMAUKEL',12),(313,'TORRES DEL PAINE',12),(109,'ALHUE',13),(103,'BUIN',13),(99,'CALERA DE TANGO',13),(333,'CERRILLOS',13),(324,'CERRO NAVIA',13),(76,'COLINA',13),(75,'CONCHALI',13),(83,'CURACAVI',13),(338,'EL BOSQUE',13),(89,'EL MONTE',13),(328,'ESTACION CENTRAL',13),(334,'HUECHURABA',13),(330,'INDEPENDENCIA',13),(87,'ISLA DE MAIPO',13),(96,'LA CISTERNA',13),(93,'LA FLORIDA',13),(97,'LA GRANJA',13),(327,'LA PINTANA',13),(92,'LA REINA',13),(78,'LAMPA',13),(71,'LAS CONDES',13),(332,'LO BARNECHEA',13),(337,'LO ESPEJO',13),(325,'LO PRADO',13),(323,'MACUL',13),(94,'MAIPU',13),(90,'MARIA PINTO',13),(88,'MELIPILLA',13),(91,'?âÔÇÿU?âÔÇÿOA',13),(339,'PADRE HURTADO',13),(104,'PAINE',13),(336,'PEDRO AGUIRRE CERDA',13),(85,'PE?âÔÇÿAFLOR',13),(322,'PE?âÔÇÿALOLEN',13),(101,'PIRQUE',13),(72,'PROVIDENCIA',13),(82,'PUDAHUEL',13),(100,'PUENTE ALTO',13),(79,'QUILICURA',13),(81,'QUINTA NORMAL',13),(329,'RECOLETA',13),(77,'RENCA',13),(98,'SAN BERNARDO',13),(335,'SAN JOAQUIN',13),(102,'SAN JOSE DE MAIPO',13),(95,'SAN MIGUEL',13),(108,'SAN PEDRO',13),(326,'SAN RAMON',13),(70,'SANTIAGO CENTRO',13),(73,'SANTIAGO OESTE',13),(84,'SANTIAGO SUR',13),(86,'TALAGANTE',13),(80,'TIL-TIL',13),(331,'VITACURA',13),(244,'CORRAL',14),(248,'FUTRONO',14),(251,'LA UNION',14),(254,'LAGO RANCO',14),(249,'LANCO',14),(247,'LOS LAGOS',14),(246,'MAFIL',14),(245,'MARIQUINA',14),(243,'VALDIVIA',14),(250,'PANGUIPULLI',14),(252,'PAILLACO',14),(253,'RIO BUENO',14),(1,'ARICA',15),(295,'CAMARONES',15),(293,'GENERAL LAGOS',15),(294,'PUTRE',15);
/*!40000 ALTER TABLE `comunas` ENABLE KEYS */;
UNLOCK TABLES;

--
-- Table structure for table `regiones`
--

DROP TABLE IF EXISTS `regiones`;
/*!40101 SET @saved_cs_client     = @@character_set_client */;
/*!40101 SET character_set_client = utf8 */;
CREATE TABLE `regiones` (
  `idregion` int(2) NOT NULL DEFAULT '0',
  `nombre` varchar(50) DEFAULT NULL,
  PRIMARY KEY (`idregion`)
) ENGINE=InnoDB DEFAULT CHARSET=utf8;
/*!40101 SET character_set_client = @saved_cs_client */;

--
-- Dumping data for table `regiones`
--

LOCK TABLES `regiones` WRITE;
/*!40000 ALTER TABLE `regiones` DISABLE KEYS */;
INSERT INTO `regiones` VALUES (1,'Tarapac├í'),(2,'Antofagasta'),(3,'Atacama'),(4,'Coquimbo'),(5,'Valpara├¡so'),(6,'Regi├│n del Libertador Gral. Bernardo OÔÇÖHiggins'),(7,'Regi├│n del Maule'),(8,'Regi├│n del Biob├¡o'),(9,'Regi├│n de la Araucan├¡a'),(10,'Regi├│n de Los Lagos'),(11,'Regi├│n Ais├®n del Gral. Carlos Ib├í├▒ez del Campo'),(12,'Regi├│n de Magallanes y de la Ant├írtica Chilena'),(13,'Regi├│n Metropolitana de Santiago'),(14,'Regi├│n de Los R├¡os'),(15,'Arica y Parinacota');
/*!40000 ALTER TABLE `regiones` ENABLE KEYS */;
UNLOCK TABLES;

--
-- Table structure for table `regions`
--

DROP TABLE IF EXISTS `regions`;
/*!40101 SET @saved_cs_client     = @@character_set_client */;
/*!40101 SET character_set_client = utf8 */;
CREATE TABLE `regions` (
  `id` int(11) NOT NULL AUTO_INCREMENT,
  `idregion` int(11) DEFAULT NULL,
  `nombre` varchar(255) DEFAULT NULL,
  `createdAt` datetime NOT NULL,
  `updatedAt` datetime NOT NULL,
  PRIMARY KEY (`id`)
) ENGINE=InnoDB DEFAULT CHARSET=utf8;
/*!40101 SET character_set_client = @saved_cs_client */;

--
-- Dumping data for table `regions`
--

LOCK TABLES `regions` WRITE;
/*!40000 ALTER TABLE `regions` DISABLE KEYS */;
/*!40000 ALTER TABLE `regions` ENABLE KEYS */;
UNLOCK TABLES;

--
-- Table structure for table `telefonocm`
--

DROP TABLE IF EXISTS `telefonocm`;
/*!40101 SET @saved_cs_client     = @@character_set_client */;
/*!40101 SET character_set_client = utf8 */;
CREATE TABLE `telefonocm` (
  `telefono` varchar(20) NOT NULL,
  `CentrosMedicos_idCentrosMedicos` int(11) NOT NULL,
  PRIMARY KEY (`telefono`,`CentrosMedicos_idCentrosMedicos`),
  KEY `fk_telefonoCM_CentrosMedicos_idx` (`CentrosMedicos_idCentrosMedicos`),
  CONSTRAINT `fk_telefonoCM_CentrosMedicos` FOREIGN KEY (`CentrosMedicos_idCentrosMedicos`) REFERENCES `centrosmedicos` (`idCentrosMedicos`) ON DELETE NO ACTION ON UPDATE NO ACTION
) ENGINE=InnoDB DEFAULT CHARSET=utf8;
/*!40101 SET character_set_client = @saved_cs_client */;

--
-- Dumping data for table `telefonocm`
--

LOCK TABLES `telefonocm` WRITE;
/*!40000 ALTER TABLE `telefonocm` DISABLE KEYS */;
INSERT INTO `telefonocm` VALUES ('2761551',1),('2711265',2),('2422797',3),('2511482',4),('2261000',5),('2206210',6),('2221686',7),('2657700',8),('2217194',9),('(32) 2890133',10),('2685758',10);
/*!40000 ALTER TABLE `telefonocm` ENABLE KEYS */;
UNLOCK TABLES;
/*!40103 SET TIME_ZONE=@OLD_TIME_ZONE */;

/*!40101 SET SQL_MODE=@OLD_SQL_MODE */;
/*!40014 SET FOREIGN_KEY_CHECKS=@OLD_FOREIGN_KEY_CHECKS */;
/*!40014 SET UNIQUE_CHECKS=@OLD_UNIQUE_CHECKS */;
/*!40101 SET CHARACTER_SET_CLIENT=@OLD_CHARACTER_SET_CLIENT */;
/*!40101 SET CHARACTER_SET_RESULTS=@OLD_CHARACTER_SET_RESULTS */;
/*!40101 SET COLLATION_CONNECTION=@OLD_COLLATION_CONNECTION */;
/*!40111 SET SQL_NOTES=@OLD_SQL_NOTES */;

-- Dump completed on 2015-06-20  4:14:38
